covariate,coef,exp(coef),se(coef),coef lower 95%,coef upper 95%,exp(coef) lower 95%,exp(coef) upper 95%,cmp to,z,p,-log2(p),comorbidity_outcome
drug_class_num,0.02771378791140109,1.0281013872623919,0.03700981405344194,-0.04482411470786946,0.10025169053067165,0.9561656425175301,1.1054491141386897,0.0,0.7488226736665727,0.4539640917940305,1.1393499089118697,hypertension
age_at_index,0.0014867249574268885,1.0014878306808774,0.002175238848496033,-0.0027766648433977153,0.005750114758251493,0.9972271865249509,1.0057666784005141,0.0,0.6834766483022381,0.4943057010401065,1.016524549091734,hypertension
cci,0.0017565846485723643,1.0017581283471328,0.04470209420917079,-0.08585791003491888,0.08937107933206362,0.9177246214157735,1.0934863512340136,0.0,0.039295354717676624,0.9686549101559779,0.04594530755349499,hypertension
obesity,-0.04919790025303977,0.9519927114566217,0.06468257166496663,-0.17597341114380538,0.07757761063772584,0.8386402815264755,1.080666100389216,0.0,-0.7606051983812254,0.4468929138867429,1.161998925924199,hypertension
ckd,-0.026245695958079338,0.9740957288216107,0.10392756202139167,-0.22993997452105974,0.1774485826049011,0.7945812961947624,1.1941666553851604,0.0,-0.25253835890691945,0.8006249685442041,0.3208014861151973,hypertension
heart_failure,-0.022410322694840883,0.9778389232210685,0.10110806863147713,-0.22057849575894006,0.17575785036925828,0.8020546784999013,1.1921493451724268,0.0,-0.22164722359125416,0.8245885175884644,0.27825372307869917,hypertension
hyperlipidemia,0.004442314893552666,1.0044521966014937,0.060396256243789664,-0.11393217214532744,0.12281680193243277,0.8923184778778857,1.1306772640828777,0.0,0.07355281883071112,0.9413662145092551,0.08717201903739517,hypertension
neuropathy,0.031369911691113715,1.031867133013811,0.07893847737939393,-0.12334666096692812,0.18608648434915556,0.8839571759910728,1.2045264285573207,0.0,0.3973969695455832,0.6910747498655172,0.5330863272148244,hypertension
retinopathy,-0.015340439168255896,0.9847766259938869,0.0858497424292066,-0.18360284241154098,0.1529219640750292,0.8322662790653027,1.165234045278207,0.0,-0.17868940236956363,0.8581815909392849,0.22064514106913316,hypertension
depression,-0.1379622603719316,0.8711315673067875,0.08603218114286149,-0.30658223692336606,0.030657716179502886,0.7359579927696304,1.0311325035040713,0.0,-1.6036122592642068,0.1087995468001225,3.20025554777133,hypertension
atrial_fibrillation,0.1271089745217555,1.135540756050029,0.104266330072128,-0.07724927721978095,0.33146722626329195,0.9256590791225707,1.3930104913711208,0.0,1.2190797780436478,0.22281391428942743,2.16608876593676,hypertension
sleep_apnea,0.09028935736086832,1.09449093689903,0.08517837689408628,-0.07665719361311948,0.2572359083348561,0.9262073089716141,1.2933502028656845,0.0,1.060003262014927,0.28914311531170883,1.7901443438775102,hypertension
nafld,-0.06406684151417683,0.9379423039516125,0.0700835211797022,-0.2014280189361432,0.07329433590778955,0.8175624244552239,1.0760472096406142,0.0,-0.9141498662703047,0.36063810300474064,1.4713762629759126,hypertension
pvd,0.05861828098906963,1.0603703999370755,0.12564501923747468,-0.187641431553223,0.30487799353136225,0.8289118755956449,1.356459496077005,0.0,0.4665388357200095,0.6408298561195868,0.6419867307358309,hypertension
stroke,0.02803783462842535,1.0284345941260817,0.12707958046733597,-0.22103356625801288,0.27710923551486355,0.8016897701128908,1.319310478723385,0.0,0.22063209939249118,0.8253789052049266,0.27687152805336834,hypertension
mi,0.01685444665615699,1.0169972841963857,0.11700546581683245,-0.21247205233916705,0.24618094565148102,0.8085829140067107,1.2791310057959502,0.0,0.1440483702064139,0.8854622740023588,0.17549725405263875,hypertension
drug_class_num,0.027522898448145428,1.027905152270597,0.04063363500962272,-0.05211756273166096,0.10716335962795182,0.9492172677081371,1.1131160778559674,0.0,0.6773427590622288,0.49818850720967567,1.0052363546872871,obesity
age_at_index,0.0014301717463290216,1.0014311949296588,0.0024059805944270816,-0.003285463566250329,0.006145807058908373,0.9967199276633266,1.0061647312794504,0.0,0.5944236415047137,0.5522287999474433,0.8566619652774151,obesity
cci,0.021581036137873454,1.021815590971526,0.04111666715495623,-0.05900615065016173,0.10216822292590863,0.9427009709153891,1.1075697746854254,0.0,0.524873187229429,0.5996713498652864,0.7377560472039542,obesity
hypertension,0.039875715656817204,1.0406814257471,0.06546445053455954,-0.08843224965862338,0.16818368097225778,0.9153651249349309,1.1831539135511673,0.0,0.6091201458380269,0.542444805157173,0.8824517469654773,obesity
ckd,0.06479885646751711,1.066944393834804,0.0990264596060733,-0.129289437876897,0.25888715081193125,0.8787195940013035,1.2954876018547377,0.0,0.6543590139977395,0.5128805335907543,0.9633052801037025,obesity
heart_failure,-0.002463928049827503,0.9975391049293643,0.10826049106436274,-0.2146505914845988,0.2097227353849438,0.8068233018641179,1.2333360520998755,0.0,-0.02275925432818012,0.9818423099341426,0.026436757662967235,obesity
hyperlipidemia,0.048375727782383506,1.049564931953841,0.06721496506118854,-0.0833631829596641,0.1801146385244311,0.9200169520572147,1.1973546182209525,0.0,0.7197166246883427,0.4716994882502127,1.0840600592080671,obesity
neuropathy,0.0046195486077176455,1.004630235171751,0.08318168705775082,-0.1584135621987555,0.1676526594141908,0.8534967349837196,1.1825258001022114,0.0,0.055535644576557054,0.9557117334903935,0.06535256389635115,obesity
retinopathy,-0.15412677950407264,0.857163343378972,0.09909872515289855,-0.34835671171758736,0.04010315270944209,0.7058470473892801,1.040918142181317,0.0,-1.5552851892521502,0.11987816312247869,3.0603592119825787,obesity
depression,-0.10038997442330112,0.904484623380597,0.09528400442943148,-0.2871431914077418,0.08636324256113957,0.7504042696998853,1.090202264253009,0.0,-1.053586853579933,0.2920721106550799,1.7756034900258688,obesity
atrial_fibrillation,-0.006981510486252417,0.9930428036420642,0.11774574413875037,-0.23775892833107132,0.22379590735856647,0.7883927273372233,1.2508157110935487,0.0,-0.05929310258573318,0.9527186547902596,0.06987785689589426,obesity
sleep_apnea,-0.017053619028716528,0.9830909708386947,0.0966901960711315,-0.20656292098625048,0.17245568292881744,0.8133750814845123,1.1882191610549973,0.0,-0.17637381783951286,0.8600002725468419,0.21759097786109785,obesity
nafld,-0.03682584366595022,0.9638439802672006,0.07656557125164713,-0.18689160577491393,0.1132399184430135,0.8295336481693328,1.1199005855247524,0.0,-0.48097131731591436,0.6305368843196627,0.6653473289831192,obesity
pvd,-0.10938948351089098,0.8963812237939148,0.13634913792295458,-0.3766288831629664,0.15784991614118446,0.6861706761405026,1.1709904347555493,0.0,-0.8022748451310531,0.42239399004276834,1.24333878717295,obesity
stroke,0.014843788947320646,1.0149545051200022,0.13568960064144558,-0.2511029413865357,0.280790519281177,0.7779422849794557,1.3241761855001783,0.0,0.10939518487157149,0.9128890527448089,0.1314885608345346,obesity
mi,0.13461409357955284,1.1440951854711974,0.12505291191052337,-0.11048510992693292,0.3797132970860386,0.8953996626566263,1.4618654082744942,0.0,1.0764570894268388,0.28172288196894596,1.8276513484891903,obesity
drug_class_num,0.031926270242282846,1.032441380845967,0.04566495780255244,-0.057575402406261265,0.12142794289082695,0.9440507040079289,1.1291080027351734,0.0,0.6991415689099428,0.48446356245213784,1.0455399333676245,ckd
age_at_index,0.001320426275913272,1.0013212984225146,0.0027055301538739247,-0.003982315384766731,0.006623167936593274,0.9960256035178019,1.0066451496160063,0.0,0.48804714818003936,0.6255164455917384,0.6768802797820382,ckd
cci,-0.03305253623269195,0.9674877300933338,0.06060637360899462,-0.15183884573990022,0.08573377327451631,0.8591267215168015,1.089516231352427,0.0,-0.545364031280476,0.5855031734224345,0.7722511047443019,ckd
hypertension,0.1246152929614896,1.1327126067232078,0.07284988399431579,-0.018167855945290273,0.26739844186826944,0.98199618462551,1.306560931210724,0.0,1.7105764090333058,0.0871593370073144,3.520200967390404,ckd
obesity,0.0028583604491349323,1.0028624494563876,0.07775007147409836,-0.14952897943551288,0.15524570033378274,0.8611134830754607,1.1679448903037692,0.0,0.036763444649528916,0.9706736212763732,0.042941808634074735,ckd
heart_failure,0.2541149930874781,1.2893200586378173,0.11746816532037421,0.023881619729547665,0.4843483664454085,1.02416906930263,1.6231169866687516,0.0,2.163266893582812,0.030520657861775127,5.034070130495735,ckd
hyperlipidemia,0.026458986956124364,1.0268121337069938,0.07477886787393549,-0.1201049008814685,0.17302287479371722,0.8868274028613056,1.1888933004619864,0.0,0.35382973436733134,0.7234664883617699,0.46700190355401144,ckd
neuropathy,-0.15181822090993227,0.8591444410420841,0.09455256025565917,-0.33713783365707756,0.03350139183721301,0.7138104460176465,1.034068882980829,0.0,-1.6056489692022446,0.10835105956271242,3.2062148333026013,ckd
retinopathy,-0.06478993418276045,0.9372643298966455,0.10801154821515478,-0.2764886785988754,0.1469088102333545,0.758442205711505,1.1582483378183162,0.0,-0.5998426580619087,0.5486111008592296,0.8661442802248143,ckd
depression,0.02070227285340187,1.0209180513668636,0.10454567293673861,-0.18420348084210963,0.22560802654891338,0.8317665380504833,1.253084393187568,0.0,0.1980213266782354,0.8430283778426071,0.24634689920787403,ckd
atrial_fibrillation,0.10540709358823662,1.111162865572421,0.12843432086220968,-0.14631954968055566,0.3571337368570289,0.8638816059823762,1.4292269973998066,0.0,0.820708147795808,0.4118125286539511,1.2799403728531558,ckd
sleep_apnea,0.031618790182933156,1.0321239745094697,0.10547750562244992,-0.17511332201618976,0.23835090238205606,0.8393618971970084,1.2691544640216021,0.0,0.2997680879571671,0.7643540586291183,0.38768702690657997,ckd
nafld,-0.029457739128342333,0.9709719108934471,0.08530944659491667,-0.19666118199542215,0.1377457037387375,0.8214689146251123,1.1476836614984083,0.0,-0.3453045389946022,0.7298654346741602,0.4542975961326033,ckd
pvd,-0.058648280355880704,0.9430383959628689,0.15435302235608464,-0.3611746450787124,0.24387808436695096,0.6968572851434505,1.276188733647451,0.0,-0.3799619823483733,0.7039736361532882,0.5064066940121578,ckd
stroke,-0.23313930721327739,0.7920432285036058,0.15713040671343736,-0.5411092452477454,0.0748306308211906,0.5821022000259036,1.0777016059903204,0.0,-1.4837313292166254,0.1378802113543433,2.8585126795839804,ckd
mi,0.05238981277679315,1.05378644187929,0.14515883445156955,-0.23211627478609514,0.3368959003396815,0.7928539290258503,1.400593254867264,0.0,0.360913705147394,0.7181639579354506,0.4776148437402018,ckd
drug_class_num,0.014616901025360163,1.0147242503234548,0.04920728007828531,-0.08182759570525433,0.11106139775597465,0.9214308036310377,1.1174635145004328,0.0,0.2970475304082182,0.7664302218742457,0.383773644345037,heart_failure
age_at_index,-0.0008163183876556736,0.9991840147095554,0.002893603750881216,-0.006487677524912868,0.00485504074960152,0.9935333220176261,1.0048668455564826,0.0,-0.2821113248167005,0.7778581498277443,0.3624210054838575,heart_failure
cci,-0.007872297629729802,0.9921586077532897,0.04235580703600888,-0.09088815395643542,0.07514355869697582,0.9131198340288619,1.0780389016364658,0.0,-0.1858611175331201,0.8525536745654616,0.23013742955785252,heart_failure
hypertension,-0.026047013053927773,0.9742892842173719,0.07829143212777064,-0.17949540032242028,0.12740137421456477,0.8356917948471296,1.1358728363659958,0.0,-0.33269302075633733,0.7393660183639776,0.4356393568319974,heart_failure
obesity,0.016073322443490416,1.016203193175722,0.08371469277199495,-0.14800446036645526,0.18015110525343608,0.8624272681918095,1.1973982826234821,0.0,0.1920012116304083,0.8477412563396945,0.23830409561355353,heart_failure
ckd,-0.014986854542930457,0.985124889434889,0.10666420481139488,-0.22404485441286837,0.19407114532700748,0.7992792823623825,1.214182663306045,0.0,-0.14050500418045977,0.8882609989485382,0.17094444695679617,heart_failure
hyperlipidemia,-0.07648545496823979,0.9263663882193708,0.08031335415427332,-0.23389673658822585,0.08092582665174626,0.7914435388360632,1.0842904681294732,0.0,-0.9523379489458186,0.3409256177684578,1.5524710846177494,heart_failure
neuropathy,0.009686293193801656,1.0097333571674636,0.09547475554831861,-0.1774407891136685,0.19681337550127181,0.8374105816905969,1.2175168010396364,0.0,0.10145397218534423,0.9191900938398375,0.12156484482016694,heart_failure
retinopathy,0.060668330502415185,1.062546441493795,0.11288248277288258,-0.16057727021789778,0.2819139312227281,0.8516520136927409,1.3256646167438635,0.0,0.5374468120485861,0.5909590152137986,0.758870016258038,heart_failure
depression,-0.014476712665238745,0.9856275711043297,0.11164862944200778,-0.2333040052948323,0.2043505799643548,0.7919127912450405,1.2267281443878362,0.0,-0.1296631471213733,0.8968329406967395,0.15708882554525894,heart_failure
atrial_fibrillation,0.11080439381047882,1.1171763588699042,0.13997520806627173,-0.16354197272791424,0.38515076034887186,0.8491308579151495,1.46983589771099,0.0,0.7916001364900142,0.42859386732038773,1.2223168880128061,heart_failure
sleep_apnea,-0.05938262691912654,0.9423461331692957,0.11527332287629939,-0.2853141881349305,0.1665489342966774,0.7517780174767267,1.1812213366914723,0.0,-0.515146309982323,0.6064507837854384,0.7215375259962319,heart_failure
nafld,0.03780918583026693,1.0385330471496441,0.09113392928250014,-0.14081003333305353,0.2164284049935874,0.8686543113892141,1.2416341873639345,0.0,0.41487496619469455,0.6782334367341493,0.5601461842759564,heart_failure
pvd,-0.005732645642087589,0.9942837546170178,0.16182128709251783,-0.3228965402753389,0.3114312489911637,0.7240487603783609,1.365377912088004,0.0,-0.035425782015996894,0.9717402265354883,0.04135740243319648,heart_failure
stroke,-0.04128149838722428,0.9595589776212138,0.1607761861732775,-0.3563970328585548,0.2738340360841062,0.7001945647907277,1.314996542152054,0.0,-0.256763761908949,0.7973611461837149,0.326694787487605,heart_failure
mi,-0.03091952175396637,0.9695535979093283,0.15501655838504072,-0.33474639319599675,0.27290734968806396,0.7155195239643556,1.3137785171963419,0.0,-0.199459477594428,0.8419033386270454,0.248273492104713,heart_failure
drug_class_num,0.06432230304381203,1.0664360589650008,0.03738297759409293,-0.008946986675477914,0.13759159276310198,0.9910929185107388,1.1475068044777679,0.0,1.7206308106921884,0.0853178388168937,3.5510087684895786,hyperlipidemia
age_at_index,-0.0011852810938786148,0.9988154210743075,0.0022200453118807494,-0.005536489949211875,0.0031659277614546457,0.9944788081656263,1.0031709446036732,0.0,-0.533899505354908,0.5934110643196442,0.7528962683552147,hyperlipidemia
cci,-0.0051850447892033726,0.9948283743525613,0.04212660931557263,-0.08775168183851527,0.07738159226010853,0.9159883050167124,1.0804542907334422,0.0,-0.12308241449868255,0.9020418365860214,0.1487337478418789,hyperlipidemia
hypertension,-0.11067770798061631,0.8952272270302458,0.06032288684430499,-0.2289083936389391,0.007552977677706504,0.7954013939950875,1.007581573362459,0.0,-1.834754829726211,0.0665420241875957,3.9095904365538163,hyperlipidemia
obesity,-0.10933957794130279,0.8964259593257232,0.06543922068477523,-0.23759809365983076,0.018918937777225184,0.7885195384198691,1.0190990348360334,0.0,-1.6708569692172572,0.09474993272864486,3.399731270787406,hyperlipidemia
ckd,0.09798760348638892,1.1029491123000774,0.09952823484898025,-0.09708415226245669,0.2930593592352345,0.9074796364554361,1.3405223604521814,0.0,0.9845206602435076,0.32485957824779016,1.622111852264613,hyperlipidemia
heart_failure,-0.026127026564163523,0.9742113310304523,0.09894595152130153,-0.2200575279619607,0.16780347483363367,0.8024726320195257,1.1827041566758785,0.0,-0.26405351772819907,0.7917386804877294,0.3369037587418315,hyperlipidemia
neuropathy,-0.09160537947231723,0.9124651559888006,0.07943409752986882,-0.2472933497753022,0.06408259083066775,0.7809115796913394,1.0661804518544267,0.0,-1.1532249036740394,0.2488180842676544,2.006836749551011,hyperlipidemia
retinopathy,-0.05325916884625811,0.9481342537765246,0.09062314131508105,-0.23087726198970077,0.12435892429718454,0.7938368940169359,1.1324222519257068,0.0,-0.5876994338684989,0.5567340556349578,0.844939758777331,hyperlipidemia
depression,0.017525987492645004,1.0176804687708167,0.08473635414983291,-0.14855421482225864,0.18360618980754864,0.8619532752601154,1.201542550209638,0.0,0.20682961485049406,0.8361429268928429,0.25817852304170746,hyperlipidemia
atrial_fibrillation,-0.057371078491247396,0.9442436158513239,0.10814190349324296,-0.2693253145576099,0.15458315757511507,0.7638947091531257,1.1671713331598144,0.0,-0.5305166326652657,0.5957537801038243,0.7472118944311282,hyperlipidemia
sleep_apnea,0.09728199996929988,1.1021711420288258,0.08995557829862184,-0.07902769370447181,0.27359169364307157,0.924014334710838,1.314677901291738,0.0,1.0814448843445463,0.27949926504909856,1.8390836054196658,hyperlipidemia
nafld,0.0006344335133129648,1.0006346348088218,0.06981221330933175,-0.13619499025400508,0.137463857280631,0.8726724532742873,1.1473602365036242,0.0,0.009087715218279157,0.9927491521382724,0.010498871277061847,hyperlipidemia
pvd,-0.10408131040689228,0.9011520214046616,0.12637245544316106,-0.35176677171338067,0.1436041508995961,0.7034441659233036,1.1544270391606999,0.0,-0.8236075657618702,0.4101625756936367,1.285732232334111,hyperlipidemia
stroke,-0.10101132191441971,0.90392279869136,0.12623863115346537,-0.3484344924328479,0.14641184860400847,0.705792148236145,1.1576728758402712,0.0,-0.8001617333098502,0.42361709768173617,1.2391672755220433,hyperlipidemia
mi,-0.030402539403389377,0.9700549695963757,0.12261957856136489,-0.2707324971831443,0.20992741837636553,0.7628205257540305,1.2335885208495956,0.0,-0.24794196620219539,0.8041793091197742,0.3144108776427799,hyperlipidemia
drug_class_num,0.038056966980993055,1.0387904079463945,0.04337171708216572,-0.0469500364477124,0.12306397040969852,0.9541350683768387,1.1309567664011786,0.0,0.8774604636679678,0.3802365842567108,1.3950307481019655,neuropathy
age_at_index,-0.0015859375414859504,0.9984153193928959,0.00257944509736185,-0.00664155703241359,0.003469681949441689,0.9933804493616346,1.003475708263639,0.0,-0.6148367116276218,0.5386625620973197,0.8925462958203156,neuropathy
cci,0.0031543216794880187,1.0031593017870273,0.04437562318831172,-0.08382030156112344,0.09012894492009949,0.919596491302309,1.094315381017493,0.0,0.07108230719605642,0.9433322493596988,0.08416210544946015,neuropathy
hypertension,0.04472905085646311,1.0457444779487424,0.0693096453962832,-0.09111535790149433,0.18057345961442056,0.9129123931668425,1.1979041158228931,0.0,0.6453510272736405,0.5186997319766715,0.9470284706574338,neuropathy
obesity,0.10637410298204357,1.1122378901971626,0.07360567656369155,-0.0378903721404958,0.25063857810458295,0.9628184868355089,1.2848456290615256,0.0,1.445188848851858,0.14840484774171234,2.75238987557893,neuropathy
ckd,0.013729251545499092,1.0138239305137733,0.10336593009586455,-0.18886424867088028,0.21632275176187846,0.82789888744099,1.2415030116291312,0.0,0.13282182565151002,0.8943342929177188,0.16111389816868757,neuropathy
heart_failure,0.01258293315413776,1.0126624313477395,0.11354168363803457,-0.20995467752045074,0.23512054382872624,0.8106209844906321,1.2650612548693108,0.0,0.11082214699450421,0.9117573827657038,0.13327811835575654,neuropathy
hyperlipidemia,0.06784482899625122,1.070199231704963,0.07081882547987034,-0.07095751837172215,0.20664717636422458,0.9315014629859597,1.2295486814057275,0.0,0.9580055661264185,0.33805995181992754,1.5646489770084493,neuropathy
retinopathy,0.11365819409246944,1.1203691106489833,0.0988126739530042,-0.08001108807151788,0.30732747625645673,0.923106110863314,1.3597861928597477,0.0,1.15023902851294,0.2500454355248561,1.9997378253977995,neuropathy
depression,-0.09628057184116762,0.9082091624011365,0.10150823508095014,-0.29523305673405514,0.10267191305171991,0.7443580895839438,1.108127787165472,0.0,-0.9485001070542346,0.3428749183358195,1.5442457214274363,neuropathy
atrial_fibrillation,0.11482515715729377,1.1216773031778038,0.12128118428775705,-0.12288159604907514,0.3525319103636627,0.8843683690708373,1.4226650527835116,0.0,0.9467681061297569,0.3437569571459971,1.5405391829962725,neuropathy
sleep_apnea,-0.04479122433126594,0.9561970916827925,0.10375742369195656,-0.24815203789616375,0.15856958923363185,0.7802413080127644,1.1718334683808782,0.0,-0.4316917550328327,0.6659654606544758,0.5864807389641808,neuropathy
nafld,0.0024259398269293442,1.002428884799912,0.08020271703670374,-0.154768497027267,0.1596203766811257,0.8566134630940632,1.173065463449123,0.0,0.03024760153473534,0.975869585346246,0.035239735158323814,neuropathy
pvd,-0.021648978718536323,0.9785836784665445,0.14131116123339632,-0.2986137653495258,0.2553158079124531,0.7418458806933215,1.2908692232221144,0.0,-0.1532007700565126,0.8782399504241696,0.18731293190104825,neuropathy
stroke,-0.08598480493333623,0.9176081742315969,0.15030561911002321,-0.380578405062977,0.2086087951963046,0.6834659746825843,1.2319629544216726,0.0,-0.572066469919502,0.5672769438331323,0.8178748659808706,neuropathy
mi,0.059768223219792235,1.0615904660084734,0.1397452896816933,-0.21412751156544346,0.33366395800502796,0.8072454453293892,1.3960739252734164,0.0,0.427694009264499,0.6688739120186065,0.5801938177273478,neuropathy
drug_class_num,0.052875578054955893,1.0542984590933775,0.04763118921493004,-0.04047983734711964,0.14623099345703144,0.9603285270869546,1.1574635236739388,0.0,1.110104092013348,0.26695417412908884,1.905335987547212,retinopathy
age_at_index,-5.793637008730507e-05,0.9999420653081917,0.0028072431052776773,-0.005560031752279936,0.005444159012105326,0.9944553966169453,1.0054590053755401,0.0,-0.02063817343727141,0.983534288944445,0.02395274484640552,retinopathy
cci,-0.001630864754443418,0.9983704643828343,0.04006418825025185,-0.08015523079476984,0.076893501285883,0.9229730614239282,1.0799270594249604,0.0,-0.04070629721127986,0.9675300413097077,0.04762163799653582,retinopathy
hypertension,-0.0004355606591516246,0.9995645341836219,0.07608620212990647,-0.14956177655420305,0.1486906552358998,0.8610852414974742,1.160313996626142,0.0,-0.00572456827859493,0.9954324803000502,0.006604632924359985,retinopathy
obesity,0.05375115020931744,1.0552219777111393,0.08137648916238567,-0.1057438377372725,0.2132461381559074,0.8996550762411681,1.2376892563057322,0.0,0.660524320508074,0.5089174166242818,0.974496529535076,retinopathy
ckd,0.010384704526561393,1.0104388127075714,0.1050347290320739,-0.19547958150222708,0.21624899055534988,0.8224401363848328,1.241411440246334,0.0,0.09886924660309515,0.9212420868939571,0.1183477728076075,retinopathy
heart_failure,0.0469983952191943,1.048120327074923,0.12291165968975158,-0.19390403105276235,0.2879008214911509,0.8237369536436154,1.3336250306222477,0.0,0.38237540146984966,0.7021829334423655,0.510081162948499,retinopathy
hyperlipidemia,-0.016066087732463985,0.984062283461331,0.07836960806985852,-0.16966769703190626,0.1375355215669783,0.8439452155051295,1.1474424642025156,0.0,-0.20500405869253174,0.8375689539945952,0.25572012772386576,retinopathy
neuropathy,0.03114036600693682,1.0316302995498732,0.09289033766696551,-0.15092135033207998,0.21320208234595361,0.8599153280546467,1.2376347301041812,0.0,0.3352379460453962,0.7374455996755723,0.43939146718382144,retinopathy
depression,0.025254704372285563,1.02557630602973,0.10723060751725946,-0.18491342440189298,0.2354228331464641,0.8311762403173816,1.2654437271786763,0.0,0.23551768433486356,0.8138069547215349,0.29724148528011823,retinopathy
atrial_fibrillation,0.007672257274352996,1.0077017644541482,0.13742691969024415,-0.26167955582480396,0.27702407037350996,0.7697576485455081,1.3191981242443858,0.0,0.055827906873311406,0.9554789031374662,0.0657040758708877,retinopathy
sleep_apnea,-0.01137374099511774,0.9886906954710657,0.11095952488744956,-0.22885041351619467,0.2061029315259592,0.7954475128025165,1.2288796879471078,0.0,-0.10250351203877771,0.9183570253310002,0.12287296244743538,retinopathy
nafld,-0.06208912936903488,0.9397991193555474,0.08929550750353653,-0.23710510805719262,0.11292684931912286,0.7889083630343026,1.1195500341058737,0.0,-0.6953219832092432,0.48685354059733277,1.0384402610452415,retinopathy
pvd,-0.025109099096676468,0.9752035124021079,0.1528872464494135,-0.3247625958330262,0.27454439763967325,0.7226989050092784,1.3159309970024078,0.0,-0.16423279037198454,0.8695478885761349,0.20166261168118949,retinopathy
stroke,-0.13082539530390175,0.8773709541065128,0.1575928952009806,-0.4397017941172189,0.17805100350941538,0.6442285051715128,1.1948862630734327,0.0,-0.8301478003628154,0.4064552240878243,1.2988316639755895,retinopathy
mi,-0.07579788444949115,0.9270035494590104,0.15066995266002925,-0.3711055652155034,0.21950979631652112,0.6899711007661862,1.2454660488755909,0.0,-0.503072332016464,0.6149134184620231,0.7015448056532928,retinopathy
drug_class_num,-0.0019302362739567595,0.9980716254340418,0.047625758300880144,-0.09527500728009136,0.09141453473217784,0.9091228846752673,1.095723126420217,0.0,-0.040529250196129435,0.9676711879093326,0.0474111880478651,depression
age_at_index,-0.00043672196088426364,0.9995633733882704,0.0028225314221973726,-0.005968781893623732,0.005095337971855204,0.9940489958968521,1.0051083412824187,0.0,-0.1547270501400727,0.8770365038721487,0.18929120334697583,depression
cci,-0.01923750798487067,0.9809463519816771,0.04033682401713131,-0.0982962303091783,0.05982121433943696,0.9063803666452248,1.061646722366402,0.0,-0.47692173227868345,0.6334178560681833,0.6587705573319402,depression
hypertension,0.09785640668442593,1.102804418395712,0.07567186283887703,-0.05045771912282794,0.2461705324916798,0.9507941282322363,1.2791176860697302,0.0,1.293167671751189,0.19595307412337776,2.351419888684859,depression
obesity,0.03626347708773945,1.036929017539921,0.08092448007358909,-0.12234558932412443,0.1948725434996033,0.8848425235276294,1.21515609707554,0.0,0.4481150457162415,0.6540701700551699,0.612482675432937,depression
ckd,-0.09454139188601635,0.9097900759195316,0.10605482964157449,-0.3024050383700333,0.11332225459800063,0.739038665243091,1.1199927976290753,0.0,-0.8914388171244134,0.3726938010255728,1.4239372718067551,depression
heart_failure,0.06878315560208573,1.0712038993971142,0.12208073557727472,-0.17049068933553038,0.30805700053970186,0.8432509408186372,1.360778551838435,0.0,0.5634235022981765,0.5731465371628408,0.803024052920383,depression
hyperlipidemia,0.1131872864476272,1.119841644473408,0.07740539553316463,-0.038524501006453035,0.2648990739017074,0.9622081293834215,1.3032994322137907,0.0,1.462266107782263,0.14366830222464158,2.799186302178496,depression
neuropathy,-0.015011433273023617,0.985100676613685,0.09367740566621481,-0.19861577454395304,0.1685929079979058,0.8198648457669414,1.1836381911910845,0.0,-0.16024603976023175,0.8726872634794401,0.19646335312977034,depression
retinopathy,0.040208583483738174,1.0410278927724692,0.10852393559860596,-0.17249442175007376,0.2529115887175501,0.841562983247329,1.2877694184557364,0.0,0.37050428794304313,0.7110067822156698,0.49206477326736164,depression
atrial_fibrillation,-0.07288133210671764,0.9297111503434958,0.13808992603156334,-0.3435326137563819,0.19776994954294658,0.7092603491229762,1.2186820032190429,0.0,-0.5277816724303197,0.597650879159449,0.7426251221510094,depression
sleep_apnea,-0.11874503038532701,0.8880341936352394,0.11363494414993519,-0.3414654283044205,0.10397536753376647,0.7107280382685102,1.1095731230564712,0.0,-1.0449693206048425,0.2960371491103505,1.7561498667548234,depression
nafld,-0.0844763260108874,0.9189934113593203,0.08905018026716353,-0.25901147215132736,0.09005882012955253,0.771814168623975,1.0942386450711843,0.0,-0.9486373386044374,0.34280509369394524,1.5445395484696274,depression
pvd,-0.0838708187688813,0.9195500370286844,0.1569393540035517,-0.39146630037282454,0.22372466283506193,0.676064833243639,1.2507266004985784,0.0,-0.5344154708766242,0.5930541176188129,0.7537643347064685,depression
stroke,-0.0014480052174586395,0.9985530426362693,0.15516030315743917,-0.30555661123635586,0.3026606008014386,0.7367131974040109,1.3534550249292476,0.0,-0.009332317532206463,0.9925539960061163,0.01078250633323025,depression
mi,0.12550949261240596,1.1337259309302838,0.1495928006687648,-0.16768700904485234,0.41870599426966426,0.8456184641999764,1.5199934023197674,0.0,0.8390075728999473,0.40146506002002336,1.3166536611405382,depression
drug_class_num,0.00014435219454385378,1.0001443626138233,0.049954388310014156,-0.0977644497628126,0.0980531541519003,0.906862490272436,1.1030214137180911,0.0,0.002889679954602028,0.9976943721873235,0.0033301583412711985,atrial_fibrillation
age_at_index,0.0013438020150080754,1.0013447053215123,0.0029636274979505666,-0.004464801144567588,0.007152405174583739,0.9955451512627136,1.0071780447161527,0.0,0.4534314841987912,0.6502380696490948,0.6209600705629785,atrial_fibrillation
cci,-0.022419242832841496,0.9778302008018336,0.04054337169731353,-0.10188279117139658,0.057044305505713586,0.9031354009079336,1.0587027157156306,0.0,-0.5529693731497677,0.580284382199167,0.7851679942349689,atrial_fibrillation
hypertension,-0.006803079822660939,0.993220008737434,0.0796746367847667,-0.16296249840211383,0.14935633875679197,0.849623050039133,1.1610866556774226,0.0,-0.08538576512170112,0.9319547096189144,0.10166824923081304,atrial_fibrillation
obesity,0.004748867103076457,1.0047601608428705,0.08517764064581587,-0.16219624085081769,0.1716939750569706,0.8502743296090582,1.1873144297807527,0.0,0.05575250813559288,0.955538969074371,0.06561338406670576,atrial_fibrillation
ckd,0.005909507254040302,1.0059270028384824,0.10710358521350087,-0.20400966237953808,0.21582867688761867,0.8154544919184297,1.2408897676914532,0.0,0.055175625001350405,0.9559985477778751,0.0649196682244862,atrial_fibrillation
heart_failure,-0.05759722143384196,0.944030105964296,0.1304964473604751,-0.31336555837080016,0.19817111550311625,0.7309826468957737,1.2191709950318828,0.0,-0.44137003419517656,0.6589451323059828,0.6017697520296471,atrial_fibrillation
hyperlipidemia,0.0033013254594215975,1.0033067808359888,0.08161505149950683,-0.15666123607599353,0.16326388699483674,0.8549936507673976,1.177347335349194,0.0,0.04044995866285211,0.9677344015617917,0.04731694627916527,atrial_fibrillation
neuropathy,-0.06990234740211328,0.9324848750305279,0.09730632203941537,-0.2606192340674235,0.12081453926319695,0.770574272193572,1.1284156161682357,0.0,-0.7183741604558673,0.4725266147589047,1.081532504391063,atrial_fibrillation
retinopathy,0.08391726398216082,1.087538911447708,0.114665186623197,-0.14082237207986928,0.3086569000441909,0.8686435933497193,1.361595127124468,0.0,0.731846050692985,0.4642625378469617,1.1069872228626119,atrial_fibrillation
depression,-0.014263285790798039,0.9858379529659661,0.11392226283701308,-0.23754681798864952,0.20902024640705347,0.7885599713250444,1.2324699513659678,0.0,-0.1252019178306203,0.9003636989841202,0.15142020374537396,atrial_fibrillation
sleep_apnea,0.03802674739353998,1.0387590166031353,0.11699545995421756,-0.1912801404714246,0.26733363525850456,0.8259011873923622,1.3064762601699722,0.0,0.3250275472947457,0.7451602229014671,0.4243774304768705,atrial_fibrillation
nafld,0.03255563784885275,1.0330913705265232,0.09224625160087971,-0.1482436929976918,0.21335496869539727,0.8622209721245491,1.237823962025132,0.0,0.3529209836049564,0.7241476791411495,0.4656441513933765,atrial_fibrillation
pvd,-0.06939225365502999,0.9329606510694057,0.16119036102028586,-0.38531955590979927,0.2465350485997393,0.680233228921203,1.279584030060191,0.0,-0.4304987793054012,0.6668328544777891,0.5846029080427907,atrial_fibrillation
stroke,-0.07516937843476448,0.9275863598962658,0.16682980535142963,-0.40214978847139415,0.25181103160186513,0.668880547591505,1.286352934262746,0.0,-0.45057523310309566,0.6522957201904969,0.6164019320724214,atrial_fibrillation
mi,0.013290308756743405,1.0133790174632376,0.15762278838116753,-0.2956446796131234,0.32222529712661024,0.7440517578149592,1.3801956950555976,0.0,0.08431717832959809,0.9328042547050526,0.10035372591597601,atrial_fibrillation
drug_class_num,0.0986906644577561,1.1037248254292,0.047715430220686215,0.005170139718377029,0.19221118919713515,1.0051835279538024,1.2119264357112567,0.0,2.068317607141063,0.03861016716859459,4.694875389113697,sleep_apnea
age_at_index,-0.001809830651578866,0.9981918061043489,0.002842195777811793,-0.007380432013101786,0.0037607707099440537,0.9926467364957163,1.0037678512814634,0.0,-0.6367719865421287,0.524273375745262,0.9316088117749769,sleep_apnea
cci,0.027405785619368503,1.0277847784392977,0.04003085718242075,-0.0510532527284427,0.10586482396717971,0.9502280669478416,1.1116715949935199,0.0,0.6846165070730373,0.49358594781757326,1.0186267727308258,sleep_apnea
hypertension,0.004576387602009732,1.004586875256172,0.07682459646602587,-0.14599705459822407,0.15514982980224354,0.8641602484800248,1.1678329241735392,0.0,0.05956930218349468,0.9524986682431628,0.0702110194156052,sleep_apnea
obesity,-0.015237874750000205,0.9848776342154799,0.08244620695273566,-0.17682947103929791,0.1463537215392975,0.8379226624210093,1.1576055856698122,0.0,-0.18482202290683541,0.8533686336560815,0.22875901094835252,sleep_apnea
ckd,0.03525368625566439,1.035882464613201,0.10387261117471562,-0.16833289062691098,0.23884026313823975,0.8450724711509088,1.2697756903993376,0.0,0.33939347299517725,0.7343133349134421,0.4455322957605366,sleep_apnea
heart_failure,0.08405045408138358,1.0876837705099147,0.12231719475863953,-0.15568684233552138,0.3237877504982885,0.8558271572446486,1.3823538720593251,0.0,0.6871515836120572,0.49198721092837716,1.0233072812944255,sleep_apnea
hyperlipidemia,0.008715326825800992,1.008753415859021,0.07906847778521923,-0.14625604194563407,0.16368669559723603,0.8639364708885671,1.1778452331809173,0.0,0.11022504884279186,0.9122308972054554,0.1325290598701657,sleep_apnea
neuropathy,0.0626048024305724,1.064606026370653,0.09372635650860076,-0.12109548072844636,0.24630508558959116,0.885949364463652,1.2792898068964198,0.0,0.6679530151673772,0.5041635846858594,0.9880361775842059,sleep_apnea
retinopathy,0.033412092922743476,1.0339765458749552,0.11015604202105209,-0.1824897821179994,0.24931396796348634,0.8331931573542014,1.2831448362039437,0.0,0.30331602615458936,0.7616490340203443,0.39280173433391213,sleep_apnea
depression,0.01936777334063076,1.0195565453913233,0.10984863846900643,-0.19593160180938296,0.23466714849064446,0.8220684607505624,1.2644878120019498,0.0,0.17631327625508383,0.8600478324767835,0.21751119581908526,sleep_apnea
atrial_fibrillation,-0.04390742293605017,0.9570425535616843,0.1405812111592777,-0.31944153371125483,0.23162668783915452,0.7265546800899334,1.2606490253624063,0.0,-0.3123278180204559,0.7547914009867267,0.40585010785847986,sleep_apnea
nafld,0.0865219556050703,1.0903753073045999,0.08903834061876117,-0.08798998525091141,0.261033896461052,0.9157700478846545,1.2982716715030087,0.0,0.9717381860869871,0.3311808144759396,1.5943089959092143,sleep_apnea
pvd,-0.002964684626766712,0.9970397057109741,0.15493450337768536,-0.30663073120962936,0.300701361956096,0.7359223038774119,1.3508058792709434,0.0,-0.019135083290903066,0.9847333441294651,0.022194984718557773,sleep_apnea
stroke,0.03206689261856621,1.0325865754148782,0.155037958163235,-0.2718019216180021,0.3359357068551345,0.7620051828958726,1.3992490597963902,0.0,0.20683252668229737,0.8361406527539543,0.25818244688445363,sleep_apnea
mi,-0.030390321199668138,0.9700668219980224,0.15189740958638845,-0.3281037733339186,0.2673231309345824,0.7202882691117412,1.3064625365922173,0.0,-0.20007135923133884,0.8414247725079627,0.2490938015628302,sleep_apnea
drug_class_num,0.04487613590290417,1.0458983026362252,0.04448135310321118,-0.0423057141629987,0.13205798596880705,0.9585766853040621,1.1411744894570943,0.0,1.008875242593834,0.31303446986900335,1.6756065662566826,nafld
age_at_index,-0.0014977514874068296,0.9985033695825876,0.0026291693458806733,-0.006650828714589682,0.0036553257397760226,0.9933712390965256,1.0036620145904007,0.0,-0.569667180150824,0.5689034541071323,0.8137442544802771,nafld
cci,-0.0014329415282920129,0.9985680846422138,0.04057591121325889,-0.08096026614617437,0.07809438308959034,0.9222303344819226,1.081224703182397,0.0,-0.03531507945097667,0.9718284991681352,0.04122635433824699,nafld
hypertension,0.10830672878200248,1.114389508306085,0.07088713580867431,-0.030629504370198762,0.24724296193420373,0.9698348260857752,1.2804901853595054,0.0,1.527875651152338,0.12654341467824154,2.982295663363264,nafld
obesity,0.017824958073695926,1.0179847707782967,0.07587983860237442,-0.13089679273967003,0.1665467088870619,0.8773083143063591,1.1812187079930765,0.0,0.2349103319407713,0.8142783302096201,0.2964060854342336,nafld
ckd,-0.12561155622951323,0.8819573711000294,0.10382095164692398,-0.32909688229815864,0.07787376983913219,0.7195732994549994,1.080986196995932,0.0,-1.2098863884112245,0.22632249095850204,2.1435481343126455,nafld
heart_failure,0.05603184886622799,1.0576313675601565,0.11622386046437692,-0.17176273178815948,0.28382642952061543,0.8421789717633149,1.3282023740216737,0.0,0.48210280266333067,0.6297329189854488,0.6671880093755478,nafld
hyperlipidemia,-0.018834014998752424,0.9813422368174662,0.07291549364103465,-0.16174575645013967,0.12407772645263482,0.8506574512195196,1.1321038619967239,0.0,-0.25829921815345436,0.796175989621321,0.32884073033647343,nafld
neuropathy,0.1470228576696875,1.1583804406047302,0.08659595638127321,-0.022702098044409452,0.31674781338378444,0.9775536555464854,1.3726563627092898,0.0,1.697802805276043,0.08954498628234725,3.4812435333098795,nafld
retinopathy,-0.0025935619176493657,0.9974097984583188,0.10368419105068434,-0.20581084214316087,0.20062371830786213,0.8139870337641297,1.2221648070489246,0.0,-0.025014053650488963,0.9800437539243201,0.029081935291615135,nafld
depression,0.031661706096114114,1.0321682700028358,0.1010228821976766,-0.16633950462576463,0.22966291681799283,0.8467587068858425,1.2581758285294813,0.0,0.313411233250701,0.7539682509290628,0.4074243209843673,nafld
atrial_fibrillation,-0.02075018399116948,0.9794636197010713,0.12654606662258028,-0.26877591695663305,0.22727554897429408,0.764314506380969,1.2551756826655622,0.0,-0.16397336199359133,0.86975211399962,0.20132381445632516,nafld
sleep_apnea,0.043788435297946356,1.0447612968927396,0.1043886543127135,-0.1608095675495739,0.2483864381454666,0.8514542001791087,1.2819552328890853,0.0,0.4194750433966784,0.6748689900625993,0.5673206308446005,nafld
pvd,0.012798648669295126,1.012880901908696,0.14646325481733868,-0.2742640558312012,0.2998613531697915,0.7601313316476874,1.349671666904634,0.0,0.08738470741522801,0.9303657245912579,0.10413014712295816,nafld
stroke,0.012059563590846782,1.0121325733211606,0.14743810250899245,-0.27691380727570303,0.30103293445739654,0.7581198387087246,1.3512538436173303,0.0,0.08179407755272253,0.9348104657229993,0.09725420890296323,nafld
mi,0.04008243242291075,1.0408965742826026,0.1388078248967396,-0.23197590514704108,0.3121407699928626,0.7929652294571081,1.3663470201524932,0.0,0.2887620525192181,0.7727634732794434,0.3719011919197028,nafld
drug_class_num,-0.010480625697115444,0.9895741046906064,0.051740260323417005,-0.1118896724817395,0.09092842108750862,0.8941429006259279,1.0951906098999442,0.0,-0.2025622915618003,0.8394771659013391,0.25243701104599003,pvd
age_at_index,-0.0009713086069650558,0.9990291629605483,0.003054802733832036,-0.006958611945150343,0.005015994731220231,0.9930655431338691,1.005028595893103,0.0,-0.31796115546440445,0.7505144024137181,0.4140483373765373,pvd
cci,0.0053278802369457765,1.0053420986309403,0.04254660178236425,-0.07806192692105583,0.08871768739494738,0.9249071481180738,1.0927721094340979,0.0,0.125224577610196,0.9003457602732405,0.1514489480706662,pvd
hypertension,-0.04307509557319696,0.9578394578630506,0.08244306290527145,-0.20466052964269912,0.11851033849630518,0.8149239119723317,1.1258185133123597,0.0,-0.5224829604243478,0.6013341073690726,0.7337613050932662,pvd
obesity,-0.08024565139472595,0.922889609418918,0.08839411989279417,-0.2534949428297181,0.09300364004026615,0.7760836697024834,1.0974657300802595,0.0,-0.9078166227804427,0.3639751144572544,1.4580882803876412,pvd
ckd,0.03680527275221872,1.037490973404876,0.11000926649129861,-0.17880892753639555,0.252419473040833,0.8362656714746036,1.2871358428459487,0.0,0.3345652046060129,0.737953096352389,0.43839897211146167,pvd
heart_failure,0.04912345233111415,1.05035001089377,0.13388332016770277,-0.21328303332822834,0.31152993799045664,0.8079274344620214,1.3655126665170854,0.0,0.36691241500122584,0.7136843505264662,0.48664195707514074,pvd
hyperlipidemia,0.02656722388880373,1.0269232787176732,0.0843921947165879,-0.138838438332,0.19197288610960744,0.8703686353081025,1.2116376643086955,0.0,0.3148066474396565,0.7529084642498185,0.4094536167100673,pvd
neuropathy,-0.030920196413041303,0.9695529437914155,0.09998632818389241,-0.2268897985998726,0.16504940577379,0.7970086089153584,1.1794513889804552,0.0,-0.3092442434346987,0.7571357407579751,0.40137612233459596,pvd
retinopathy,0.040716232271998144,1.0415565034837213,0.11878275092841481,-0.19209368153228656,0.27352614607628284,0.8252295561010636,1.3145917301783816,0.0,0.34277899740288087,0.7317647274153855,0.4505482184414729,pvd
depression,0.07243203754380678,1.075119735829217,0.11737603934784827,-0.15762077222593207,0.30248484731354564,0.8541736469260981,1.3532171713903167,0.0,0.6170938970700123,0.5371727938856575,0.8965418562429578,pvd
atrial_fibrillation,-0.017888710413576443,0.9822703427358337,0.1478333233349118,-0.3076366998648683,0.27185927903771545,0.7351823613489152,1.3124023058007712,0.0,-0.12100594108305422,0.9036863294728806,0.14610599640824223,pvd
sleep_apnea,0.10591386842006673,1.1117261176556927,0.1202815993761087,-0.12983373435998177,0.34166147120011525,0.8782414401572036,1.4072838107668537,0.0,0.8805492192441214,0.3785618540445159,1.4013990503365663,pvd
nafld,0.014428970740962542,1.014533570824294,0.09603211647062389,-0.173790518900616,0.2026484603825411,0.8404729424147427,1.2246418824290735,0.0,0.15025151242372492,0.8805661860994334,0.18349664929900783,pvd
stroke,0.00034944594715248425,1.0003495070105,0.16917987996475028,-0.3312370256925676,0.3319359175868725,0.7180349561361854,1.3936635363283814,0.0,0.0020655289933134693,0.9983519474782225,0.002379598591064366,pvd
mi,-0.07196859218141521,0.9305601222157354,0.16267380273421903,-0.3908033867686579,0.24686620240582746,0.6765131544015742,1.280007839351112,0.0,-0.44241046174471926,0.6581922099358157,0.6034191434075898,pvd
drug_class_num,-0.006499546206684385,0.9935215301567747,0.0518333568621366,-0.10809105885428419,0.09509196644091542,0.8975458632112532,1.0997599914877345,0.0,-0.125393117485551,0.9002123365619703,0.151662759252074,stroke
age_at_index,0.0008232618983642504,1.0008236008714557,0.003035868549734464,-0.0051269311209131445,0.006773454917641646,0.9948861891586132,1.006796446645231,0.0,0.2711783744511132,0.7862538447086349,0.34693292823277133,stroke
cci,-0.0030883381697209395,0.9969164258410503,0.04210867989320459,-0.08561983419692787,0.07944315785748599,0.9179431354844899,1.0826840157011959,0.0,-0.07334208000710393,0.9415339068416377,0.08691504428422595,stroke
hypertension,0.001416195078890988,1.0014171983566982,0.08223584529860767,-0.15976309994458757,0.16259549010236954,0.852345685790777,1.1765606629828618,0.0,0.01722114089967244,0.9862601966903941,0.019959784031360304,stroke
obesity,0.006230740850728499,1.0062501922944864,0.08797529097487321,-0.16619766098945465,0.17865914269091165,0.8468788227385375,1.19561314122658,0.0,0.07082375950888384,0.9435380219506388,0.08384743930394846,stroke
ckd,0.02266407428501872,1.022922855732651,0.10920039272862109,-0.19136476256070822,0.23669291113074564,0.8258313008653567,1.267051960471576,0.0,0.20754572139078523,0.8355836894105046,0.25914376360757085,stroke
heart_failure,-0.08206618901402513,0.9212109826317486,0.13322070026214178,-0.34317396352302876,0.1790415854949785,0.7095147711342268,1.19607048231672,0.0,-0.6160167965829739,0.5378834341504507,0.8946345377074916,stroke
hyperlipidemia,-0.014396483563164178,0.985706650291523,0.08422114654826829,-0.1794668975344399,0.15067393040811156,0.83571561473264,1.1626175020551366,0.0,-0.170936684588037,0.8642735510233539,0.21044008314349064,stroke
neuropathy,-0.009179544377716273,0.990862459017509,0.10026551289887418,-0.20569633855094588,0.18733724979551336,0.8140802435398373,1.2060339511754525,0.0,-0.09155236045094169,0.9270537032625152,0.10927517978372649,stroke
retinopathy,-0.002464173140480743,0.9975388604418834,0.11887089122109967,-0.2354468387440146,0.2305184924630531,0.790217670856089,1.2592527537553784,0.0,-0.020729828094729976,0.9834611747501772,0.024059996222917646,stroke
depression,0.022325967309152858,1.0225770568411583,0.11664696404461926,-0.20629788112423952,0.2509498157425452,0.8135906868746213,1.2852455836174876,0.0,0.19139775725849867,0.8482139770352695,0.23749983874701316,stroke
atrial_fibrillation,0.01350675445571534,1.013598382732474,0.14906790313446724,-0.27866096693874587,0.3056744758501766,0.75679643873895,1.3575403224542293,0.0,0.09060806633559153,0.9278040222917248,0.1081079941967619,stroke
sleep_apnea,-0.017760509402125885,0.982396278859687,0.12047902125970897,-0.253895051963791,0.21837403315953918,0.7757732136497234,1.2440522974193877,0.0,-0.14741578422886326,0.8828038476173472,0.17983517740580116,stroke
nafld,0.041327814647719646,1.0421936959125389,0.09572728293015567,-0.14629421223326136,0.22894984152870065,0.8639034948143387,1.2572789742368917,0.0,0.4317245134584375,0.665941648815568,0.5865323239758774,stroke
pvd,-0.09562239284366719,0.9088071233582516,0.16721350508792568,-0.4233548405447066,0.23211005485737224,0.6548462258889987,1.2612585288178815,0.0,-0.5718580732661885,0.5674181303000165,0.8175158461502412,stroke
mi,0.08727989538345256,1.0912020593979421,0.16022792795496024,-0.22676107272574803,0.4013208634926531,0.7971112111488651,1.4937964963736232,0.0,0.5447233606365225,0.5859437956268548,0.7711658084978709,stroke
drug_class_num,0.02426982904892586,1.024566738464395,0.05101854866186145,-0.07572468887182676,0.12426434696967847,0.9270714045026243,1.132315155520037,0.0,0.47570598704758127,0.6342838550042208,0.6567994744598922,mi
age_at_index,0.002581845440415412,1.0025851812736053,0.0030271485283257446,-0.0033512566509564753,0.0085149475317873,0.9966543525419159,1.0085513028120283,0.0,0.8528968487196693,0.39371650940294634,1.344770885732089,mi
cci,0.02611540583438779,1.0264594010418944,0.041824925166353666,-0.055859941147748324,0.1080907528165239,0.9456715762910369,1.1141488529449322,0.0,0.6243981484848298,0.5323661407277642,0.9095092782535069,mi
hypertension,0.04060553544578125,1.0414412128657304,0.08162093019553099,-0.11936854812211728,0.20057961901367977,0.8874806611512256,1.2221109116319429,0.0,0.49748925120684956,0.6188440809310463,0.6923521297171201,mi
obesity,0.007100314395367137,1.007125581393433,0.08724509696578817,-0.16389693348528242,0.17809756227601667,0.8488295032704198,1.1949418967991792,0.0,0.08138353491831658,0.9351369429041269,0.09675044391707231,mi
ckd,0.042054655765349815,1.0429514805044016,0.1080587764550083,-0.16973665429993123,0.25384596583063085,0.8438870213551833,1.2889732430527583,0.0,0.38918315702806267,0.6971406620024396,0.5204783169871193,mi
heart_failure,0.08660778845599353,1.0904689013424662,0.1307098495499911,-0.16957880908663803,0.3427943859986251,0.8440202353953872,1.4088790468844536,0.0,0.6625957321056333,0.5075895043123901,0.9782658567426512,mi
hyperlipidemia,0.01647483645523355,1.0166112949203618,0.08370701877426336,-0.14758790559554077,0.18053757850600785,0.8627865912186062,1.197861134466559,0.0,0.196815472543133,0.8439719425997875,0.24473305679018478,mi
neuropathy,0.08959535362140858,1.0937316196110125,0.09889152720945037,-0.10422847808527694,0.28341918532809407,0.901019410712043,1.3276615814431527,0.0,0.9059962582198506,0.3649378329491465,1.4542773726336375,mi
retinopathy,-0.026876213873143547,0.9734817376001746,0.11823767105406816,-0.2586177907550112,0.2048653630087241,0.7721180773212504,1.2273598058069626,0.0,-0.2273066919666702,0.8201852698591305,0.28597826111251934,mi
depression,0.04671786759971545,1.0478263416120903,0.1167140775380458,-0.18203752086366964,0.2754732560631005,0.8335700635602578,1.3171538784475654,0.0,0.4002762013390083,0.6889530946075032,0.537522330362235,mi
atrial_fibrillation,-0.0971992517276402,0.9073751920454782,0.14881586726013354,-0.3888729918855953,0.1944744884303149,0.6778203532321909,1.2146724942877785,0.0,-0.6531511290911854,0.5136588529003991,0.9611175849442252,mi
sleep_apnea,0.005626392549778326,1.0056422504232645,0.11982715494338066,-0.22923051550914847,0.2404833006087051,0.7951452190724745,1.271863694302349,0.0,0.046954236311767934,0.9625497014020512,0.055067058488554525,mi
nafld,-0.07904354089187426,0.923999691798538,0.09533895996914554,-0.2659044687549055,0.10781738697115695,0.7665123498826154,1.11384432432764,0.0,-0.8290791185204354,0.4070596388360199,1.2966879137872438,mi
pvd,-0.07037730311270056,0.9320420911737803,0.1648824260952428,-0.39354091994296364,0.2527863137175625,0.6746637098114969,1.287608103246448,0.0,-0.4268332579728525,0.6695007807247636,0.5788423569672193,mi
stroke,-0.08946708964808356,0.9144183584590865,0.16787771090957365,-0.4185013568378748,0.23956717754170773,0.6580322367485117,1.270699044196791,0.0,-0.5329301261218321,0.5940819500582589,0.7512661389660564,mi
